id,name,category,energy_level,venues,image_url_1,image_url_2,image_url_3,image_url_4,image_url_5
940,"Adventure Park Brașov Mega Zip & Ropes","adventure","high","Parc Aventura Brașov (Brașov 500312)",,,,,
225,"ATV/Quad Biking (Cernica Forest)","adventure","high","ATV Extreme Rent (Cernica)",,,,,
223,"Bungee Jump (Râșnoavei Gorge)","adventure","high","Jump Adventure — Bungee (Râșnov)",,,,,
939,"Cheile Râșnoavei Bungee Jump","adventure","high","Jump Adventure – Cheile Râșnoavei (Râșnov)",,,,,
802,"Cluj Tandem Paragliding at Feleacu","adventure","high","Skyrush Paragliding (Feleacu)",,,,,
78,"Comana Adventure Park & Kayak","adventure","medium","Parc Aventura Comana (Comana) | Parc Aventura Comana (Comana)",,,,,
322,"Downhill & Enduro Runs (Postăvaru Bike Park)","adventure","high","Postăvaru Bike Park (Lift Access) (Poiana Brașov)",,,,,
77,"Edenland Park Zipline & Aerial Courses","adventure","high","Edenland Park (Balotești) | Edenland Park (Balotești)",,,,,
751,"First-Time Caving – Apuseni Mountains (Guided)","adventure","high","Carpathian Travel Center – Caving Office (Brașov/Bihor)",,,,,
91,"Go-Karting: VMAX (Indoor) or AMCKart (Outdoor)","adventure","high","VMAX Karting Romexpo (Bucharest) | AMCKart Tunari (Tunari)",,,,,
800,"Guided Canyoning in Valea lui Stan (Vidraru)","adventure","high","Vertical Adventure (Valea lui Stan Tours) (Arefu)",,,,,
220,"Guided Hike — Omu Peak (Bucegi)","adventure","high","MountainGuide — Omu (Bucegi)",,,,,
217,"Guided Mountain Biking — Postăvarul Peak","adventure","high","Massif Experience (Guides) (Brașov)",,,,,
317,"High Ropes & Mega Ziplines (Parc Aventura Brașov)","adventure","high","Parc Aventura Brașov (Brașov)",,,,,
797,"High Ropes & Mega Ziplines at Adrenalin Park","adventure","high","Adrenalin Park (Casele Micești)",,,,,
92,"Indoor Climbing Session (Top-rope & Bouldering)","adventure","medium","Vertical Spirit (Baicului) (Bucharest)",,,,,
218,"Outdoor Rock Climbing Day","adventure","high","Vertical Spirit (Outdoor Trips) (Bucharest)",,,,,
226,"Paintball Skirmish (Woodland Maps)","adventure","high","Edenland Park — Paintball (Balotești)",,,,,
224,"Paragliding Tandem (Bunloc)","adventure","high","Paragliding Brașov — Bunloc (Săcele)",,,,,
743,"Paragliding Tandem Flight – Bunloc Take-off (Brașov)","adventure","high","Paramania Paragliding – Bunloc Take-off (Săcele/Brașov)",,,,,
13,"Parc Aventura Brașov Zipline & Ropes","adventure","high","Parc Aventura Brașov (Brașov)",,,,,
750,"Rock Ridge Climb – Acele Morarului (Bucegi)","adventure","high","Explore-Share – Bucegi Climbing Meetup (Bușteni)",,,,,
742,"Seven Ladders Canyon Tyrolean Zipline (Dâmbul Morii)","adventure","high","Seven Ladders Canyon Zipline Office (Dâmbul Morii)",,,,,
942,"Seven Ladders Canyon Via Ferrata Sprint","adventure","high","Canionul 7 Scări (Official) (Timișu de Jos)",,,,,
941,"Tandem Paragliding Clopotiva (Retezat)","adventure","high","SkyRush Paragliding – Clopotiva (Clopotiva)",,,,,
744,"Tandem Skydive – Tuzla Aerodrome (Black Sea)","adventure","high","Regional Air Services – Tuzla Aerodrome (Str. Aeroportului 1)",,,,,
315,"Tandem Skydive at Clinceni (TNT Brothers)","adventure","high","TNT Brothers Clinceni Dropzone (Cornetu)",,,,,
937,"Tandem Skydive Luncani (Skydive Transilvania)","adventure","high","Skydive Transilvania (Luncani 407362)",,,,,
936,"Tandem Skydive over the Black Sea (Tuzla)","adventure","high","Regional Air Services – Tuzla Airport (Tuzla)",,,,,
938,"Tandem Skydive Timișoara (GoJump LRSG)","adventure","high","GoJump – Timișoara Parachute Club (Sânmihaiu German 307381)",,,,,
79,"Tandem Skydiving at Clinceni Airfield","adventure","high","TNT Brothers – Clinceni DZ (Clinceni) | TNT Brothers – Clinceni DZ (Clinceni)",,,,,
794,"Tandem Skydiving over Cluj with Skydive Transilvania","adventure","high","Skydive Transilvania (Luncani)",,,,,
221,"Trail Running Clinic (Brașov)","adventure","high","TrailRunning Academy (Brașov)",,,,,
8,"Transfăgărășan Scenic Day Tour","adventure","medium","Cabana Bâlea Lac (Bâlea Lac)",,,,,
219,"Via Ferrata “Casa Zmeului”","adventure","high","Via Ferrata Vadu Crișului (Sat Vadu Crișului)",,,,,
740,"Via Ferrata Casa Zmeului – Vadu Crișului","adventure","high","Rafting & Via Ferrata Base (Vadu Crișului) (Vadu Crișului)",,,,,
320,"Via Ferrata Casa Zmeului (Vadu Crișului)","adventure","high","Via Ferrata Casa Zmeului Access (Vadu Crișului)",,,,,
321,"Via Ferrata Hili's Cave (Cheile Turzii)","adventure","high","Via Ferrata Hili's Cave Guide Meeting Point (Cheia)",,,,,
741,"Via Ferrata Pietrele Negre – Vârtop (Apuseni)","adventure","high","Extasy/Local Guides – Pietrele Negre (Vârtop)",,,,,
799,"Via Ferrata Wild Ferenc in Bicaz Gorges","adventure","high","Via Ferrata Wild Ferenc (Access via Cheile Bicazului) (Lacu Roșu)",,,,,
798,"Zipline & Rope Courses at Comana Adventure Park","adventure","high","Parc de Aventură Comana (Comana)",,,,,
1224,"Adult Ceramics Starter (Școala Populară de Arte Cluj)","creative","medium","Școala Populară de Arte „Tudor Jarda,Str. Fabricii de Zahăr 51,Cluj-Napoca,Cluj,46.7877,23.6385,https://www.scoaladearte.ro/,https://www.scoaladearte.ro/,+40 264 592 414,$$,all,County arts school offering adult ceramics and fine-arts evening classes in small groups.,provided,booking-required,solo (Cluj-Napoca)",,,,,
1219,"Botanical Watercolor with Irina Neacșu","creative","medium","Irina Neacșu Studio (Brașov)",,,,,
194,"Calligraphy & lettering workshop","creative","low","N/A",,,,,
110,"Candle-Making Workshop (Bucharest)","creative","low","Odyssée Candles – The Fragrant Garden (Bucharest)",,,,,
1121,"Ceramics Hand-Building (Alimeria Ceramics)","creative","medium","Alimeria Ceramics (Timișoara)",,,,,
98,"Contemporary Jewelry Making (Assamblage Institute)","creative","medium","Assamblage – Institutul de Artă și Design (Bucharest)",,,,,
47,"Cyanotype & Alternative Photography Workshop","creative","low","Muzeul Național de Artă Contemporană (MNAC București) (Bucharest)",,,,,
131,"Cyanotype & Screen Printing Lab (Allkimik)","creative","low","N/A",,,,,
172,"Embroidery & Traditional Motifs – FCV","creative","low","N/A",,,,,
192,"Evening acrylic painting class (Rodia Art Studio)","creative","low","N/A",,,,,
1223,"Fashion Illustration After-Work (DallesGO)","creative","medium","DallesGO (Bucharest)",,,,,
1114,"Guided Acrylic Painting (Art & Hobby Studio)","creative","medium","Art & Hobby Studio (Bucharest)",,,,,
130,"Hand-Building Ceramics Workshop (ArtTime Atelier)","creative","low","N/A",,,,,
49,"Icon on Glass Workshop (ASTRA Museum)","creative","low","Muzeul Civilizației Populare Tradiționale ASTRA (Sibiu)",,,,,
45,"Improvisation Theatre Workshop (Bucharest)","creative","medium","Teatrul Național București I.L. Caragiale (Bucharest)",,,,,
100,"Intro to Woodworking (NOD Makerspace)","creative","medium","NOD Makerspace (Bucharest)",,,,,
1115,"Jewelry Making Fundamentals (Assamblage School)","creative","medium","Assamblage School of Jewelry (Bucharest)",,,,,
195,"Knitting & crochet at a textile atelier","creative","low","N/A",,,,,
1117,"Leathercraft: Hand-Stitched Wallet at Urban Bag","creative","medium","Urban Bag Leather Workshop (Bucharest)",,,,,
1123,"Maker Induction & Studio Access (FIX Makerspace)","creative","medium","FIX Makerspace (Oradea)",,,,,
166,"Micro-Visit: MNAR European Gallery (1 Room)","creative","low","N/A",,,,,
167,"Micro-Visit: Museum of Maps – 1 Gallery","creative","low","N/A",,,,,
184,"Micro-visit: Theodor Aman Museum","creative","low","N/A",,,,,
183,"Micro-visit: Zambaccian Museum (one-gallery focus)","creative","low","N/A",,,,,
171,"Modern Calligraphy – Fundația Calea Victoriei","creative","low","N/A",,,,,
1118,"Modern Calligraphy at Seneca AntiCafe","creative","low","Seneca AntiCafe (with Ograda Type Co) (Bucharest)",,,,,
1122,"Paint-Your-Own Ceramics (Caferamica Iași)","creative","low","Caferamica Iași (Iași)",,,,,
1113,"Paint-Your-Own Ceramics at Made by You","creative","low","Made by You (Bucharest)",,,,,
193,"Paint-your-own pottery (MadeByYou)","creative","low","N/A",,,,,
132,"Painting & Drawing Class (Art & Hobby Studio)","creative","low","Art & Hobby Studio (Bucharest)",,,,,
170,"Painting Class at Atelier Pastel (Dorobanți)","creative","low","N/A",,,,,
190,"Pottery basics: hand-building & glazing","creative","medium","N/A",,,,,
109,"Pottery Wheel Taster (Bucharest)","creative","low","ArtTime Atelier de Creatie (Bucharest)",,,,,
129,"Pottery Wheel Throwing for Beginners (Clay Play)","creative","low","N/A",,,,,
169,"Pottery Workshop (Urban Crafts/Extasy)","creative","low","N/A",,,,,
142,"Quick Reset: Bookstore Browsing at Cărturești","creative","low","N/A",,,,,
144,"Quick Reset: Macca–Vilacrosse Passage Stroll","creative","low","N/A",,,,,
143,"Quick Reset: MNAC Rooftop Terrace View","creative","low","N/A",,,,,
1225,"Resin Art: Pour & Finish (NOD cursuri)","creative","medium","NOD Makerspace (Cursuri) (Bucharest)",,,,,
46,"Salsa/Bachata Beginner Class (Bucharest)","creative","medium","Ginga – Cursuri Kizomba, Bachata, Salsa (Bucharest)",,,,,
48,"Screen Printing Basics (Bucharest)","creative","medium","Muzeul Național de Artă Contemporană (MNAC București) (Bucharest)",,,,,
1220,"Sewing & Patternmaking Basics (Atelierele ILBAH)","creative","medium","Atelierele ILBAH București (Bucharest)",,,,,
173,"Sewing Basics – Atelierele ILBAH","creative","medium","N/A",,,,,
1124,"Sip & Paint Night (PaintandParty.ro)","creative","medium","PaintandParty.ro (various venues) (Bucharest)",,,,,
99,"Stained Glass (Tiffany Technique) Workshop","creative","medium","Tiffany Art – Atelier vitralii (Bucharest)",,,,,
1221,"Stained Glass (Tiffany) Intro Workshop","creative","medium","Atelier Vitralii Tiffany Concept (Sector 5/Bucharest)",,,,,
1120,"Traditional Embroidery at Casa cu Rost","creative","low","Casa cu Rost (Bucharest)",,,,,
1222,"Traditional Pottery at Ceramica de Nocrich","creative","medium","Ceramica de Nocrich (Scout Centre) (Nocrich)",,,,,
50,"Weaving on the Loom (ASTRA Museum)","creative","low","Muzeul Civilizației Populare Tradiționale ASTRA (Sibiu)",,,,,
1112,"Wheel Throwing Intro at Clay Play","creative","medium","Clay Play Ceramica (Bucharest)",,,,,
1218,"Wheel Throwing Starter at Em Chang Studio","creative","medium","Em Chang Ceramic Studio (Brașov)",,,,,
191,"Wheel-throwing taster at CUBUL","creative","medium","N/A",,,,,
1119,"Woodworking Basics at NOD Makerspace","creative","medium","NOD Makerspace (Bucharest)",,,,,
2007,"Amateur Cooking at Atelierele ILBAH","culinary","medium","Amateur Cooking at Atelierele ILBAH (București)",,,,,
2011,"Artisan Techniques at Artisan Cooking Classes","culinary","medium","Artisan Techniques at Artisan Cooking Classes (București)",,,,,
118,"Bucharest Food Market Tour (Obor/Dorobanți)","culinary","medium","Piața Obor (Obor Market) (Bucharest)",,,,,
36,"Bucharest Traditional Food Tour","culinary","medium","Old Town Meeting Point (Lipscani) (Bucharest) | Caru' cu Bere (Bucharest)",,,,,
2018,"Chef Course at ICEP București","culinary","medium","Chef Course at ICEP București (București)",,,,,
133,"Chocolate Tasting Foundations (Artisan HUB events)","culinary","low","Climb Again Climbing Centre (Berceni) (Bucharest)",,,,,
38,"Cluj-Napoca Street Food & Market Tasting","culinary","medium","Piata Agroalimentara Mihai Viteazul (Cluj-Napoca)",,,,,
44,"Constanța Seafood Tasting Experience","culinary","low","Juicy Crab Constanța (Constanța)",,,,,
2008,"Cooking for Beginners at DallesGO","culinary","medium","Cooking for Beginners at DallesGO (București)",,,,,
1025,"Cramele Recaș Estate Visit & Tasting","culinary","medium","Cramele Recaș (Recaș)",,,,,
2019,"Culinary Masterclass at Horeca School","culinary","medium","Culinary Masterclass at Horeca School (București)",,,,,
2014,"Culinary Workshops at KUXA Studio","culinary","medium","Culinary Workshops at KUXA Studio (București)",,,,,
43,"Dealu Mare Winery Trio (Lacerta/Serve/Budureasca)","culinary","medium","Lacerta Winery (Fințești)",,,,,
42,"Domeniul Bogdan Organic Winery Tour","culinary","low","Crama Domeniul Bogdan (Medgidia)",,,,,
2016,"French Techniques at Disciples Escoffier","culinary","medium","French Techniques at Disciples Escoffier (București)",,,,,
2009,"Gourmet Techniques at Société Gourmet","culinary","medium","Gourmet Techniques at Société Gourmet (București)",,,,,
41,"Gramma Winery Visit & Tasting (Iași)","culinary","low","Gramma Winery (Vișan)",,,,,
2012,"Grill Mastery at Grill Expert Academy","culinary","medium","Grill Mastery at Grill Expert Academy (Cluj-Napoca)",,,,,
2006,"Hands-On Classes at Cooking Studio","culinary","medium","Hands-On Classes at Cooking Studio (București)",,,,,
1029,"Hands-on Cocktail Workshop (Bucharest)","culinary","medium","Event-based Cocktail Class (Bucharest)",,,,,
106,"Homebakers by Grain Trip (Bread & Viennoiserie)","culinary","medium","Snakes & Wizards Board Game Cafe (Bucharest)",,,,,
1023,"LacertA Winery Tour & Tasting (Dealu Mare)","culinary","medium","LacertA Winery (Fintești)",,,,,
2013,"Local Cuisine Workshops at My Transylvania","culinary","medium","Local Cuisine Workshops at My Transylvania (Brașov)",,,,,
1028,"Meron Public Coffee Cupping (Cluj)","culinary","medium","Meron Roastery – CBC (Cluj-Napoca)",,,,,
104,"Mixology & Cocktail Fundamentals (Exquisite Bar Solutions)","culinary","medium","Mojo Music Club (Bucharest)",,,,,
2010,"Modern Cooking at CulinaryOn România","culinary","medium","Modern Cooking at CulinaryOn România (București)",,,,,
134,"Old Town Street Food Tour (Small Group)","culinary","medium","Cyberjump ParkLake (Bucharest)",,,,,
1022,"Old Town Wine Tasting at Abel's","culinary","medium","Abel's Wine Bar (Bucharest)",,,,,
2020,"Pastry Courses at SIMPA Sibiu","culinary","medium","Pastry Courses at SIMPA Sibiu (Sibiu)",,,,,
2017,"Professional Chef Training at ICEP Hotel School","culinary","medium","Professional Chef Training at ICEP Hotel School (București)",,,,,
2005,"Professional Cooking at Horeca Culinary School","culinary","medium","Professional Cooking at Horeca Culinary School (București)",,,,,
164,"Quick Reset Café: FRUDISIAC","culinary","low","N/A",,,,,
162,"Quick Reset Café: Steam Coffee Shop Victoriei","culinary","low","N/A",,,,,
165,"Quick Reset Café: TROFIC (City Center)","culinary","low","N/A",,,,,
181,"Quick reset: BOB Coffee Lab (Charles de Gaulle)","culinary","low","N/A",,,,,
179,"Quick reset: Saint Roastery coffee stop","culinary","low","N/A",,,,,
182,"Quick reset: Throwback Dorobanți","culinary","low","N/A",,,,,
180,"Quick reset: Two Minutes Coffee Shop","culinary","low","N/A",,,,,
1024,"Rhein Azuga 1892 Cellar Tour & Bubbles","culinary","medium","Rhein & Cie Azuga 1892 Cellar (Azuga)",,,,,
37,"Romanian Cooking Class in Bucharest","culinary","medium","Chef's Home Studio (central) (Bucharest)",,,,,
39,"Sibiu Old Town Food Tour","culinary","low","Piața Mare (Grand Square) Sibiu (Sibiu)",,,,,
105,"Sourdough & Pastry Fundamentals (Horeca Culinary School)","culinary","medium","Mojo Music Club (Bucharest)",,,,,
103,"Specialty Coffee Cupping & Barista Basics","culinary","medium","Origo Coffee Shop (Bucharest)",,,,,
149,"Tea Tasting & Ceremony (Cotroceni Teahouses)","culinary","low","N/A",,,,,
40,"Timișoara Craft Beer Tasting Crawl","culinary","medium","Berăria 700 (Timișoara)",,,,,
2015,"Traditional Cookery at Casa Ratiu","culinary","medium","Traditional Cookery at Casa Ratiu (Turda)",,,,,
7,"Wine Tasting in Dealu Mare","culinary","low","Lacerta Winery – Visits & Tasting (Fînțești) | Budureasca Winery – Visitor Centre (Gura Vadului) | SERVE – Ceptura Winery (Ceptura)",,,,,
1026,"ASTRA Museum Hands-on Crafts Workshop","culture","medium","ASTRA National Museum Complex (Sibiu)",,,,,
3,"Bran Castle (Dracula's Castle) Visit","culture","medium","Bran Castle – Official (Bran)",,,,,
4,"Brașov Old Town Walking Tour","culture","medium","Walkabout Free Tours – Brașov (Brașov) | Tour Guide Brașov (Private Guide) (Brașov) | Salina Turda – Main Entrance (Turda) | Hello Bucovina Travel & Tours (Suceava) | Voroneț Monastery (stop) (Gura Humorului) | Old Town Meeting Point (Lipscani) (Bucharest) | Caru' cu Bere (Bucharest) | Apuseni Experience (guide office) (Alba Iulia) | Bucharest Geek Hub (Bucharest) | Snakes & Wizards Board Game Café (Bucharest)",,,,,
120,"Bucharest Architectural Walking Tour","culture","medium","Starbucks – Hanul lui Manuc (Bucharest Architecture Tour Meeting Point) (Bucharest)",,,,,
121,"Bucharest Communist History Tour","culture","low","Palatul Primăverii (Ceaușescu Mansion) (Bucharest)",,,,,
117,"Bucharest Ghost Tour (Old Town)","culture","medium","Ion Luca Caragiale National Theatre – Ghost Tour Meeting Point (Bucharest)",,,,,
122,"Bucharest Jewish Heritage Tour","culture","low","Great Synagogue (Sinagoga Mare) (Bucharest)",,,,,
119,"Bucharest Vintage Shopping Tour","culture","medium","Cărturești Carusel – Concept Store & Bookshop (Bucharest)",,,,,
11,"Bucovina Painted Monasteries Tour","culture","medium","Voroneț Monastery (stop) (Gura Humorului) | Hello Bucovina Travel & Tours (Suceava)",,,,,
10,"Dimitrie Gusti National Village Museum","culture","low","National Village Museum – Ticket Office (Bucharest)",,,,,
2,"Peleș Castle Guided Visit","culture","low","Peleș Castle – Official Museum (Sinaia) | Pelișor Castle (Annex Museum) (Sinaia) | Bran Castle – Official (Bran)",,,,,
9,"Turda Salt Mine Underground Park","culture","medium","Salina Turda – Main Entrance (Turda) | Central Park (Chios / Ethnographic Park stages) (Cluj-Napoca) | Parc Aventura Comana (Comana)",,,,,
1027,"Village Museum Curated Guided Tour","culture","medium","Muzeul Satului Dimitrie Gusti (Bucharest)",,,,,
227,"Boxing Fitness (No Sparring)","fitness","high","Box După Birou (Bucharest)",,,,,
21,"Bucharest Yoga Class (Vinyasa/Hatha)","fitness","low","Cub Yoga Studio (Bucharest)",,,,,
232,"Calisthenics Park Training (Parc Tei)","fitness","high","Street Workout Park Tei (Bucharest)",,,,,
1984,"Coastal Training at World Class Constanța","fitness","high","Coastal Training at World Class Constanța (Constanța) | Coastal Training at World Class Constanța (Constanța)",,,,,
1981,"Community Swimming at Bazinul Vega","fitness","medium","Community Swimming at Bazinul Vega (Ploiești) | Community Swimming at Bazinul Vega (Ploiești)",,,,,
23,"CrossFit Session in Bucharest","fitness","high","Replay CrossFit (Bucharest)",,,,,
22,"CrossFit Session in Cluj","fitness","high","Smart Move CrossFit Berăriei (Cluj-Napoca)",,,,,
230,"F45 HIIT Team Training","fitness","high","F45 Training Bucharest North (Bucharest)",,,,,
228,"Indoor Cycling (Beat-Driven Ride)","fitness","high","World Class Romania (Cycling) (Bucharest)",,,,,
1980,"Modern Training at Complex Sportiv City","fitness","high","Modern Training at Complex Sportiv City (Ploiești) | Modern Training at Complex Sportiv City (Ploiești)",,,,,
1975,"Mountain City Laps at Bazinul Olimpic Mihai Mitrofan","fitness","high","Mountain City Laps at Bazinul Olimpic Mihai Mitrofan (Brașov) | Mountain City Laps at Bazinul Olimpic Mihai Mitrofan (Brașov)",,,,,
233,"Obstacle Course/Ninja Training","fitness","high","Ninja Sport (Obstacle Gym) (Bucharest)",,,,,
1973,"Olympic Lanes at Complex Sportiv Otopeni","fitness","high","Olympic Lanes at Complex Sportiv Otopeni (Otopeni) | Olympic Lanes at Complex Sportiv Otopeni (Otopeni)",,,,,
229,"Outdoor Bootcamp (Total Body)","fitness","high","BodyUpgrade (Outdoor/Studio) (Bucharest)",,,,,
126,"Pilates Class (Bucharest)","fitness","medium","MYB Pilates (Bucharest)",,,,,
1983,"Premium Club Swimming at World Class Mall Moldova","fitness","high","Premium Club Swimming at World Class Mall Moldova (Iași) | Premium Club Swimming at World Class Mall Moldova (Iași)",,,,,
1977,"Technical University Pool at UTCN","fitness","high","Technical University Pool at UTCN (Cluj-Napoca) | Technical University Pool at UTCN (Cluj-Napoca)",,,,,
1974,"Training Session at Bazinul Olimpic Dinamo","fitness","high","Training Session at Bazinul Olimpic Dinamo (București) | Training Session at Bazinul Olimpic Dinamo (București)",,,,,
1979,"Transylvanian Laps at Bazinul Olimpic Târgu Mureș","fitness","high","Transylvanian Laps at Bazinul Olimpic Târgu Mureș (Târgu Mureș) | Transylvanian Laps at Bazinul Olimpic Târgu Mureș (Târgu Mureș)",,,,,
1976,"University Pool at Complexul de Natație UBB","fitness","high","University Pool at Complexul de Natație UBB (Cluj-Napoca) | University Pool at Complexul de Natație UBB (Cluj-Napoca)",,,,,
1978,"Western Training at Bazinul Olimpic Ioan Alexandrescu","fitness","high","Western Training at Bazinul Olimpic Ioan Alexandrescu (Oradea) | Western Training at Bazinul Olimpic Ioan Alexandrescu (Oradea)",,,,,
1982,"Year-Round Swimming at Aria Aqua Park","fitness","medium","Year-Round Swimming at Aria Aqua Park (Sibiu) | Year-Round Swimming at Aria Aqua Park (Sibiu)",,,,,
231,"Zumba Dance Fitness","fitness","high","Zumba @ Empowerfit/City Studios (Bucharest)",,,,,
53,"Barista Basics Workshop (Cluj)","learning","medium","Il Caffé – Barista Course by Bartending Institute (Cluj-Napoca)",,,,,
148,"Classic Film at Cinemateca Eforie","learning","low","N/A",,,,,
124,"Intro to 3D Printing & Rapid Prototyping (NOD)","learning","medium","Bucharest RUNNING CLUB (Bucharest)",,,,,
125,"Intro to Programming (Școala Informală de IT)","learning","medium","Roaba de Cultură – King Michael I Park (Herăstrău) (Bucharest)",,,,,
55,"Intro to Romanian Wine (Bucharest)","learning","low","Abel's Wine Bar & Shop (Bucharest)",,,,,
168,"Micro-Visit: Antipa – One Hall Only (Coral & Fish)","learning","low","N/A",,,,,
123,"Photography Fundamentals (Academia F64)","learning","medium","Bike The City (Bucharest)",,,,,
51,"Romanian Language Crash Course (Bucharest)","learning","medium","ROLANG School – Romanian Courses (Bucharest)",,,,,
151,"Self-Guided Architecture Audio Walk (Old Town)","learning","low","N/A",,,,,
54,"Sibiu Traditional Cooking Class","learning","medium","Sibiu Tour Guide – Cooking Lessons (Oak Tree Travel) (Sibiu)",,,,,
52,"Specialty Coffee Brewing Class (Bucharest)","learning","medium","Origo Coffee Shop (Bucharest)",,,,,
178,"Breathwork fundamentals (Wim Hof/box/paced)","mindfulness","medium","N/A",,,,,
137,"Float Therapy Session (Sensory Deprivation)","mindfulness","low","N/A",,,,,
138,"Gong & Sound Bath (The Inner)","mindfulness","low","N/A",,,,,
177,"Guided meditation session","mindfulness","low","N/A",,,,,
57,"Halotherapy & Mindful Walk – Turda Salt Mine","mindfulness","low","Salina Turda (Turda)",,,,,
139,"Intro to Raja Yoga Meditation (Brahma Kumaris)","mindfulness","low","N/A",,,,,
58,"Salt Mine Wellness Session – Praid","mindfulness","low","Salina Praid (Praid)",,,,,
56,"Sound Bath & Breathwork (Bucharest)","mindfulness","low","Narandi Yoga Studio (Bucharest)",,,,,
176,"Sound bath with gongs & bowls","mindfulness","low","N/A",,,,,
140,"Tai Chi & Qigong Classes (Taijidao)","mindfulness","low","N/A",,,,,
59,"Therme Sauna Rituals & Mindful Heat","mindfulness","low","Therme București (Balotești)",,,,,
749,"ATV/Quad Off-Road Tour – Zărnești & Plaiul Foii","motorsports","high","ATV Rental Adventures Zărnești (Zărnești)",,,,,
795,"Drift Taxi & Hot Laps at Academia Titi Aur","motorsports","high","Academia Titi Aur (Cocani)",,,,,
747,"Outdoor Go-Karting – AMCKart (1.24 km CIK-FIA Track)","motorsports","high","AMCKart – Outdoor Circuit (Tunari/Bucharest)",,,,,
318,"Outdoor Karting Session (AMCKart Tunari)","motorsports","high","AMCKart Tunari (Tunari)",,,,,
796,"Outdoor Karting Sprints at Prejmer Raceway","motorsports","high","Prejmer Raceway (Prejmer)",,,,,
316,"Track Day Laps at MotorPark Romania","motorsports","high","MotorPark Romania (Adâncata)",,,,,
12,"Bear Watching from a Hide (Brașov)","nature","medium","BearWatching.ro (Brasov) (Brașov) | Transylvanian Wolf – Wildlife Tours (Zărnești) | Bucharest Pub Crawl (GetYourGuide meeting point) (Bucharest) | Cluj Pub Crawl (GetYourGuide check-in) (Cluj-Napoca) | Green Hours Jazz & Theatre Café (Bucharest) | The Jazz Club (JazzBook) (Bucharest) | Art & Hobby Studio – Ceramics (Bucharest) | Stejarii Country Club – Tennis (Bucharest) | Guided Photo Walk – Cluj Old Town (Cluj-Napoca) | Ana Health Spa – Hotel Europa (Eforie Nord) | Aqvatonic Med Spa – Steaua de Mare (Eforie Nord) | Potcoava Mountain Hideout (Runcu) | Viscri 125 Guesthouse (bike rental) (Viscri) | The PUB Universității (Bucharest) | The Void Escape Room (Bucharest) | Inside Rooms (Bucharest) | Squash4All (Bucharest) | Gateway VR Studio (Bucharest) | Escape Arena (Bucharest) | Candlelight Concerts (various venues) (Bucharest) | LaserMaxx (Vitan/Unirii) (Bucharest) | Laser Megazone (Titan Park) (Bucharest) | PadelX Romexpo Courts (Bucharest) | ARGMAN Football Complex (Bucharest)",,,,,
189,"Botanical Garden: Palmhouse & remedy garden loop","nature","low","N/A",,,,,
63,"Bucegi Plateau Hike: Babele & Sphinx","nature","medium","Telecabina Bușteni (Cable Car) (Bușteni) | Cheile Turzii Visitor Centre (Tureni)",,,,,
65,"Cheile Turzii Gorge Guided Hike","nature","medium","Cheile Turzii Visitor Centre (Tureni)",,,,,
6,"Danube Delta Boat Safari from Tulcea","nature","medium","Discover Danube Delta – Tulcea Office (Tulcea) | SAFCA Delta Tours (Tulcea) | LaȘtunul Boats – Herăstrău Park (Bucharest) | Snagov Club Boats (Snagov) | Debarcader Central Herăstrău (ALPAB) (Bucharest)",,,,,
145,"Japanese Garden Stroll (King Michael I Park)","nature","low","N/A",,,,,
62,"Leaota Mountain Horseback Trail Ride","nature","medium","Potcoava Mountain Hideout (Runcu)",,,,,
188,"Mini-walk & overlook: Tineretului Park","nature","medium","N/A",,,,,
187,"Photo spot & sit: Izvor Park Parliament view","nature","low","N/A",,,,,
159,"Quick Reset: Botanical Garden Rosarium Loop","nature","low","N/A",,,,,
158,"Quick Reset: Carol Park Mausoleum Viewpoint Bench","nature","low","N/A",,,,,
157,"Quick Reset: Cișmigiu Gardens Quiet Loop & Bench 7","nature","low","N/A",,,,,
160,"Quick Reset: Kiseleff Shaded Boulevard Benches","nature","low","N/A",,,,,
161,"Quick Reset: Titan (A.I. Cuza) Lakeside – Insula Artelor","nature","low","N/A",,,,,
186,"Quiet bench: Grădina Icoanei","nature","low","N/A",,,,,
185,"Quiet bench: Parcul Circului (Lotus Lake)","nature","low","N/A",,,,,
66,"Retezat National Park Day Hike","nature","high","Cabana Pietrele – Retezat National Park (Nucșoara)",,,,,
64,"Scărișoara Ice Cave & Apuseni Views","nature","medium","Apuseni Experience (guide office) (Alba Iulia)",,,,,
146,"Urban Nature Walk & Birdwatching (Văcărești)","nature","low","N/A",,,,,
67,"Viscri Pastures Bike & Haystack Walk","nature","medium","Viscri 125 Guesthouse (bike rental) (Viscri)",,,,,
1743,"Abel's Wine Bar Discovery Night","nightlife","low","Abel's Wine Bar (Bucharest)",,,,,
1893,"Alt & Electronic Nights at Control Club","nightlife","","N/A",,,,,
1910,"Alt-Rock & Indie Nights at Expirat","nightlife","","N/A",,,,,
1969,"Beach Club Night at EGO Mamaia","nightlife","","Ego Club Mamaia (Mamaia)",,,,,
1926,"Beer O'Clock: Craft & Imports","nightlife","","N/A",,,,,
1923,"Beluga: Music & Cocktails (Old Town)","nightlife","","N/A",,,,,
1905,"Berăria H Beer Hall & Live Shows","nightlife","","N/A",,,,,
1745,"BERĂRIA H Live & Beer Hall","nightlife","high","BERĂRIA H (Bucharest)",,,,,
1896,"BOA (Beat of Angels) Hip-Hop & R&B Night","nightlife","","N/A",,,,,
1739,"BOA Beat of Angels Luxury Night","nightlife","high","BOA - Beat of Angels (Bucharest)",,,,,
1927,"Bruno Wine Bar: Cellar Vibes","nightlife","","N/A",,,,,
1918,"City-High Cocktails at NOR Sky (SkyTower)","nightlife","","N/A",,,,,
1928,"Club Șurubelnița: Underground Party Bar","nightlife","","N/A",,,,,
16,"Cluj Live Music & Club Night","nightlife","high","FORM Space (Cluj-Napoca)",,,,,
1968,"Concert Night at Doors Club","nightlife","","Doors Club (Constanța)",,,,,
1735,"Control Club Electronic Night","nightlife","high","Control Club (Bucharest)",,,,,
1742,"Corks Cozy Winebar Social Tasting","nightlife","medium","Corks Cozy Bar (Bucharest)",,,,,
1908,"Craft Beers at Beer O'Clock","nightlife","","N/A",,,,,
1951,"D'Arc Unirii Sessions","nightlife","","N/A",,,,,
1959,"EGO Mamaia Beach Club Nights","nightlife","","Ego Club Mamaia (Constanța (Mamaia))",,,,,
15,"Electronic Club Night in Bucharest","nightlife","high","Control Club (Bucharest)",,,,,
1746,"Energiea Gastropub Social Night","nightlife","medium","Energiea (Bucharest)",,,,,
1972,"Euphoria Music Hall – Big-Room Live & Party","nightlife","","Euphoria Music Hall (Cluj-Napoca)",,,,,
1736,"Expirat Halele Carol Live & DJ","nightlife","high","Expirat Halele Carol (Bucharest)",,,,,
1960,"Expirat Vama Veche Beach Sessions","nightlife","","Expirat Vama Veche (Vama Veche)",,,,,
1924,"Fire Club: Rock & Alternative","nightlife","","N/A",,,,,
1949,"Flying Circus Alt Nights","nightlife","","N/A",,,,,
1914,"Foraged Cocktails at FIX Me a Drink","nightlife","","N/A",,,,,
1970,"Fratelli Beach & Club – House by the Sea","nightlife","","Fratelli Beach & Club Mamaia (Mamaia (Constanța))",,,,,
1971,"Fratelli Iași – Luxe Mixed Music Night","nightlife","","Fratelli Lounge & Club Iași (Iași)",,,,,
1737,"Fratelli Studios High-End Clubbing","nightlife","high","Fratelli Studios (Bucharest)",,,,,
1747,"Green Hours Live Jazz Night","nightlife","medium","Green Hours 22 Jazz-Café (Bucharest)",,,,,
1938,"Halftime Sports Pub (Gabroveni)","nightlife","","N/A",,,,,
1965,"High-End Night at Epic Society","nightlife","","Epic Society (Timișoara)",,,,,
1916,"High-Gloss Nights at E3 by Entourage","nightlife","","N/A",,,,,
1897,"House Night at Fratelli Lounge & Club","nightlife","","N/A",,,,,
18,"Iași Night Out (Bars & Clubs)","nightlife","high","Fratelli Lounge & Club Iași (Iași)",,,,,
1901,"Intimate Jazz Night at Green Hours","nightlife","","N/A",,,,,
1958,"Jazz & Blues Club Târgu Mureș","nightlife","","Jazz & Blues Club Târgu Mureș (Târgu Mureș)",,,,,
1738,"Kristal Glam Club Techno Night","nightlife","high","Kristal Glam Club (Bucharest)",,,,,
1920,"LINEA / Closer to the Moon Rooftop","nightlife","","N/A",,,,,
1741,"Linea/Closer to the Moon Rooftop","nightlife","medium","Linea | Closer to the Moon (Bucharest)",,,,,
1912,"Live Anthems at Hard Rock Cafe Bucharest","nightlife","","N/A",,,,,
1900,"Live Band & Karaoke at Mojo Music Club","nightlife","","N/A",,,,,
1967,"Live Jazz at Jazz & Blues Club","nightlife","","Jazz & Blues Club Târgu Mureș (Târgu Mureș)",,,,,
1911,"Live Jazz Sessions at The JAZZ BOOK","nightlife","","N/A",,,,,
1955,"Lokal Oradea Rooftop Sundowners","nightlife","","Lokal Oradea (Oradea)",,,,,
1966,"Metal Nights at Rockstadt","nightlife","","Rockstadt Club (Brașov)",,,,,
1744,"Mojo Music Club Karaoke Night","nightlife","high","Mojo Music Club (Bucharest)",,,,,
1921,"Mojo: Karaoke & Live Band Nights","nightlife","","N/A",,,,,
1954,"Moszkva Oradea Alt Scene","nightlife","","Moszkva Cafe Oradea (Oradea)",,,,,
1956,"Music Pub Sibiu Rock Nights","nightlife","","Music Pub Sibiu (Sibiu)",,,,,
1740,"Nomad Skybar Rooftop Evenings","nightlife","medium","Nomad Skybar (Et.2)",,,,,
1915,"Origo Cocktail Evenings (Old Town)","nightlife","","N/A",,,,,
1913,"Peak Weekend at FACE Club","nightlife","","N/A",,,,,
1964,"Premium Party at NOA – Nest of Angels","nightlife","","Club NOA – Nest of Angels (Cluj-Napoca)",,,,,
1937,"Pura Vida Sky Bar (Old Town)","nightlife","","N/A",,,,,
1929,"Quantic: Rock & Metal Live","nightlife","","N/A",,,,,
1904,"Queens Club LGBTQ+ Night","nightlife","","N/A",,,,,
1898,"Rooftop Cocktails at NOMAD Skybar","nightlife","","N/A",,,,,
1899,"Rooftop Sundowners at Linea / Closer to the Moon","nightlife","","N/A",,,,,
1922,"SHOTERIA Old Town: Rapid-Fire Shots","nightlife","","N/A",,,,,
1909,"Sports & Pints at St. Patrick Irish Pub","nightlife","","N/A",,,,,
1925,"St. Patrick Irish Pub: Sports & Pints","nightlife","","N/A",,,,,
1902,"Stand-Up Night at The Fool Comedy Club","nightlife","","N/A",,,,,
1950,"Steampunk Cocktails at Joben","nightlife","","N/A",,,,,
1895,"Student Night at Kulturhaus Bucharest","nightlife","","N/A",,,,,
1919,"Sunset Rooftops at 18 Lounge (City Gate)","nightlife","","N/A",,,,,
1894,"Tech-House Marathon at Kristal Glam Club","nightlife","","N/A",,,,,
17,"Timisoara Club Night","nightlife","high","Database Club Timișoara (Timișoara)",,,,,
1961,"Tipografia Culture Bar","nightlife","","Tipografia (Brașov)",,,,,
1917,"Uanderful: Floreasca Lounge & Late Drinks","nightlife","","N/A",,,,,
1957,"Underground The Pub: Iași Rock Cellar","nightlife","","Underground Pub Iași (Iași)",,,,,
1953,"Viniloteca: Wine & Wax Nights","nightlife","","Viniloteca (Timișoara)",,,,,
1963,"VIP Glam Night at BOA - Beat of Angels","nightlife","","BOA – Beat of Angels Bucharest (Bucharest)",,,,,
1962,"Yolka Skybar Sundowners","nightlife","","Yolka Bar (Cluj-Napoca)",,,,,
216,"Beach Tennis Doubles","racket_sports","high","Padel Club Constanța (Mamaia) (Mamaia)",,,,,
215,"Pickleball Social Play","racket_sports","high","Pickleball Bucharest (Community) (Bucharest)",,,,,
214,"Table Tennis Club Session","racket_sports","high","Ping Pong Academy (Bucharest)",,,,,
90,"Boat Ride on Herăstrău Lake","romance","low","Debarcader Central Herăstrău (ALPAB) (Bucharest)",,,,,
76,"Couples' Photoshoot in Old Town","romance","low","Strada Lipscani – Old Town Bucharest (Bucharest)",,,,,
31,"Hot Air Balloon Flight near Cluj","romance","low","Wonderland Cluj Resort – Hot Air Balloon (Cluj-Napoca)",,,,,
72,"NOR Sky Rooftop Dinner for Two","romance","low","NOR Sky Casual Restaurant (Bucharest) | NOR Sky Casual Restaurant (Bucharest)",,,,,
74,"Private Boat Ride on Herăstrău Lake","romance","low","LaȘtunul Boats – Herăstrău Park (Bucharest) | LaȘtunul Boats – Herăstrău Park (Bucharest)",,,,,
115,"Private Cooking Class for Two (Bucharest)","romance","medium","Société Gourmet – Cooking Classes & Event House (Bucharest)",,,,,
75,"Private Snagov Lake Boat Cruise","romance","low","Snagov Club Boats (Snagov) | Snagov Club Boats (Snagov)",,,,,
30,"Romantic Boat Ride on Herăstrău Lake","romance","low","Debarcader Central Herăstrău – Miorița (ALPAB Boat Rental) (Bucharest)",,,,,
88,"Romantic Candlelight Concert (Fever)","romance","low","Candlelight Concerts (various venues) (Bucharest)",,,,,
73,"Rooftop Cocktails at Linea/Closer to the Moon","romance","medium","LINEA/Closer to the Moon (Bucharest) | LINEA/Closer to the Moon (Bucharest)",,,,,
114,"Rooftop Dinner with City Views (Bucharest)","romance","low","NOR Sky Casual Restaurant (SkyTower) (Bucharest)",,,,,
89,"Stargazing at Vasile Urseanu Observatory","romance","low","Observatorul Astronomic Amiral Vasile Urseanu (Bucharest)",,,,,
116,"Stargazing Night near Bucharest","romance","low","Snagov Club – Lakeside Hotel & Gardens (Snagov)",,,,,
113,"Sunset Picnic in Herăstrău Park","romance","low","Parcul Regele Mihai I al României (Herăstrău Park) (Bucharest)",,,,,
34,"Christmas Market Bucharest (Constitution Square)","seasonal","low","Bucharest Christmas Market – Piața Constituției (Bucharest)",,,,,
33,"Christmas Market Cluj-Napoca (Piața Unirii)","seasonal","low","Târgul de Crăciun Cluj-Napoca – Piața Unirii (Cluj-Napoca)",,,,,
32,"Christmas Market Sibiu (Piața Mare)","seasonal","low","Târgul de Crăciun din Sibiu – Piața Mare (Sibiu)",,,,,
35,"Christmas Market Timișoara (Victory Square)","seasonal","low","Târgul de Crăciun Timișoara – Piața Victoriei (Timișoara)",,,,,
1331,"321sport Community Run","social","medium","321sport – Running Culture (Sos. Kiseleff)",,,,,
1946,"Affordable Lengths at Olimpia (Iancului)","social","","N/A",,,,,
1942,"After-Work Dip at Daimon Wellness (Tineretului)","social","","N/A",,,,,
147,"Arthouse Cinema Session (Elvire Popesco)","social","low","N/A",,,,,
1463,"BlaBla Language Exchange (Constanța)","social","medium","Irish Pub Constanța (Constanța)",,,,,
1457,"BlaBla Language Exchange (Iași)","social","medium","Czech In – Resto Brewery (Iași)",,,,,
68,"Board Game Night in Bucharest Old Town","social","medium","Bucharest Geek Hub (Bucharest) | Snakes & Wizards Board Game Café (Bucharest) | Bucharest Geek Hub (Bucharest) | Snakes & Wizards Board Game Café (Bucharest)",,,,,
1333,"Board Game Social at The Guild Hall","social","low","The Guild Hall (Cluj-Napoca)",,,,,
1458,"Board Games Night at Harmony Cafe","social","medium","Harmony Cafe (Iași)",,,,,
1459,"Board Games Zone Social (Timișoara)","social","medium","Board Games Zone (Timișoara)",,,,,
1907,"Board-Game Evening at Snakes & Wizards","social","","N/A",,,,,
19,"Bucharest Escape Room Challenge","social","medium","Mystery Rooms Escape București (Bucharest)",,,,,
71,"Bucharest Language Exchange Social","social","low","Pardon Pub & More (Bucharest)",,,,,
107,"Bucharest Trivia Night at a Craft Beer Bar","social","medium","Hop Hooligans Taproom (Bucharest)",,,,,
1945,"Campus Swim at Carol Davila Pool (Cotroceni)","social","","N/A",,,,,
1944,"City-Centre Swim at Novotel Wellness","social","","N/A",,,,,
1941,"Club Swim & Sun at Stejarii Country Club","social","","N/A",,,,,
20,"Cluj Escape Room Adventure","social","medium","The Dungeon Escape Room (Cluj-Napoca)",,,,,
1595,"Cowork Timișoara Language Hangout","social","medium","Cowork Timișoara – The Office (Timișoara)",,,,,
1597,"Deane's Wednesday Pub Quiz (Brașov)","social","medium","Deane's Irish Pub & Grill (Brașov)",,,,,
1599,"Encanto Latin Social (Constanța)","social","high","Encanto Dance Academy (Constanța)",,,,,
70,"Escape Room Marathon (Central Bucharest)","social","medium","The Void Escape Room (Bucharest) | Inside Rooms (Bucharest) | The Void Escape Room (Bucharest) | Inside Rooms (Bucharest)",,,,,
1939,"Evening Lanes at Dinamo Olympic Pool","social","","N/A",,,,,
1460,"ExitGames Team Escape (Timișoara)","social","medium","ExitGames Timișoara (Timișoara)",,,,,
86,"Free-Roam VR Arena & Escape Games (Gateway VR)","social","medium","Gateway VR Studio (Bucharest)",,,,,
85,"Fun Bowling & Billiards at Trickshot","social","medium","Trickshot Promenada (Bucharest) | Trickshot Mega Mall (Bucharest)",,,,,
1948,"Grand Lanes at World Class The Grand (JW Marriott)","social","","N/A",,,,,
1906,"Hookah & Lounge at Macca-Villacrosse (Hugo)","social","","N/A",,,,,
87,"Immersive Escape Room Adventure","social","medium","Escape Arena (Bucharest) | The Void Escape Room (Bucharest)",,,,,
1339,"Impact Hub Community Friday","social","low","Impact Hub Bucharest – Timpuri Noi (Bucharest)",,,,,
1335,"Improteca Improv Jam Night","social","medium","Improteca – Teatru de Improvizație (Bucharest)",,,,,
1930,"Infinity Hookah Lounge (Eminescu)","social","","N/A",,,,,
84,"Karaoke Night at Mojo Music Club","social","high","Mojo Music Club (Bucharest)",,,,,
1903,"KIKI Lounge & Bar (LGBTQ+ friendly) Cocktails","social","","N/A",,,,,
1935,"KLANdestin: IOR Park View Drinks","social","","N/A",,,,,
1943,"Laps & Steam at Crowne Plaza ANA Spa","social","","N/A",,,,,
1591,"Legend Pub Quiz Night","social","medium","Legend Pub (Iași)",,,,,
1334,"Level Up Language Exchange Meetup","social","medium","Level Up Language Exchange (Bucharest)",,,,,
1342,"Mojo's Weekly Pub Quiz (Social Teams)","social","low","Mojo Music Club (Bucharest)",,,,,
1600,"NEXT DOOR Game Night (Constanța)","social","medium","NEXT DOOR Socializing Space (Constanța)",,,,,
1931,"Nova Lounge & Hookah (Ferdinand)","social","","N/A",,,,,
1461,"Pub Quiz Night at O'Peter's Irish Pub (Brașov)","social","medium","O'Peter's Irish Pub & Grill (Brașov)",,,,,
69,"Pub Quiz Night in the Old Town (Mojo & The PUB)","social","medium","Mojo Music Club (Bucharest) | The PUB Universității (Bucharest) | Mojo Music Club (Bucharest) | The PUB Universității (Bucharest)",,,,,
1462,"Puzzle Punks Board-Games Social (Brașov)","social","medium","Puzzle Punks – Board Games Café (Brașov Civic Center)",,,,,
141,"Quick Reset: Aesthetic Coffee Spots (15–30 min)","social","low","N/A",,,,,
1592,"Retro Café Board-Game Social","social","medium","Retro Café (Iași)",,,,,
1336,"Runners Club Cluj – Social Run","social","medium","Runners Club (Cluj-Napoca)",,,,,
1952,"Scârț Loc Lejer Living-Room Lounge","social","","N/A",,,,,
1947,"Semi-Olympic Session at World Class Mega Mall (Pantelimon)","social","","N/A",,,,,
1344,"Seneca AntiCafe – Board Game & Social Work Sesh","social","low","Seneca AntiCafe (Bucharest)",,,,,
1340,"Social Ping-Pong at Ping Pong Academy","social","medium","Ping Pong Academy (Bucharest)",,,,,
1936,"Sports Bar Titan: Billiards & Darts","social","","N/A",,,,,
1940,"Sunset Splash at Magic Place Aqua Park","social","","N/A",,,,,
1337,"Team Escape at Captive","social","medium","Captive Escape Rooms (Bucharest)",,,,,
1338,"The Dungeon – Team Escape Night","social","medium","The Dungeon (Cluj-Napoca)",,,,,
1464,"The Escapers Team Escape (Constanța)","social","medium","The Escapers – Real Room Escape (Constanța)",,,,,
1601,"Toastmasters Public Speaking Night (Constanța)","social","medium","Constanța Toastmasters Club (Constanța)",,,,,
1590,"Toastmasters Public Speaking Night (Iași)","social","medium","Iași Toastmasters (Str. Elena Doamna 20-22)",,,,,
1593,"Toastmasters Public Speaking Night (Timișoara)","social","medium","Timisoara Toastmasters Club (Timișoara)",,,,,
1933,"Trickshot AFI Cotroceni: Lanes & Cocktails","social","","N/A",,,,,
1932,"Trickshot Mega Mall: Bowling & Bar","social","","Trickshot Mega Mall (Bucharest)",,,,,
1934,"Trickshot Promenada Rooftop","social","","Trickshot Promenada (Bucharest)",,,,,
1332,"Vertical Spirit Social Climb Night","social","high","Vertical Spirit Climbing Gym – Sala 2 (Bucharest)",,,,,
1594,"Vineri 15 Riverfront Quiz Night","social","medium","Vineri 15 (Timișoara)",,,,,
1343,"Volleyball Social Play – CCSS Tei","social","high","Complexul Sportiv Studențesc Tei (Bucharest)",,,,,
1596,"ZborHub Language Exchange (Brașov)","social","medium","ZborHub Brașov (Brașov)",,,,,
95,"5-a-Side Football Pitch Hire (South)","sports","high","ARGMAN Football Complex (Bucharest)",,,,,
211,"50m Lap Swim (Olympic Pool)","sports","medium","Complexul de Natație Otopeni (Otopeni)",,,,,
81,"Badminton Courts & Group Play (Sun Plaza)","sports","medium","Badminton Armada (Elite Performance Center) (Bucharest) | Badminton Armada (Elite Performance Center) (Bucharest)",,,,,
198,"Basketball Court Booking (Full Court Run)","sports","high","N/A",,,,,
83,"Beginner Archery Class (Sector 5 Range)","sports","medium","White Tiger Archery (Bucharest) | White Tiger Archery (Bucharest)",,,,,
200,"Boxing Gym Session (Pads & Bag)","sports","high","Stan Box Academy (Bucharest)",,,,,
2003,"Club Badminton at CSM Timișoara","sports","high","Club Badminton at CSM Timișoara (Timișoara)",,,,,
1987,"Coastal Tennis at Tenis Club IDU","sports","high","Coastal Tennis at Tenis Club IDU (Mamaia) | Coastal Tennis at Tenis Club IDU (Mamaia)",,,,,
2001,"Community Badminton at Banu Sport","sports","high","Community Badminton at Banu Sport (Timișoara)",,,,,
1990,"Community Tennis at BDK Tennis Herăstrău","sports","high","Community Tennis at BDK Tennis Herăstrău (București) | Community Tennis at BDK Tennis Herăstrău (București)",,,,,
1998,"Competitive Badminton at Badminton Club Cluj","sports","high","Competitive Badminton at Badminton Club Cluj (Cluj-Napoca)",,,,,
207,"Dodgeball League Night","sports","high","Dodgeball Romania (IRIS Arena) (Bucharest)",,,,,
746,"Downhill MTB – Bike Resort Sinaia","sports","high","Bike Resort Sinaia (Gondola Base) (Sinaia)",,,,,
213,"Fencing Intro: Foil Basics","sports","high","ACS Balestra Fencing Club (Bucharest)",,,,,
204,"Footvolley/Beach Football On Sand","sports","high","SandVibes Beach Sports Arena (Bucharest)",,,,,
208,"Handball Pickup (Full-Court)","sports","high","Sala Antilopa (Bucharest)",,,,,
82,"Ice Skating Session (AFI Cotroceni)","sports","medium","Cotroceni on Ice (AFI Mall) (Bucharest) | Cotroceni on Ice (AFI Mall) (Bucharest)",,,,,
199,"Indoor Volleyball Session","sports","high","IRIS Sports Arena (Bucharest)",,,,,
29,"Intro to Golf in Transylvania","sports","medium","Transilvania Golf Club (Sânpaul)",,,,,
93,"Laser Tag Battles","sports","high","LaserMaxx (Vitan/Unirii) (Bucharest) | Laser Megazone (Titan Park) (Bucharest)",,,,,
1996,"Modern Tennis at iTENIS Iași","sports","high","Modern Tennis at iTENIS Iași (Iași)",,,,,
1986,"Modern Tennis at Winners Sports Club","sports","high","Modern Tennis at Winners Sports Club (Cluj-Napoca) | Modern Tennis at Winners Sports Club (Cluj-Napoca)",,,,,
1995,"Moldavian Tennis at Tenis Club Leo","sports","high","Moldavian Tennis at Tenis Club Leo (Iași)",,,,,
1993,"Mountain City Tennis at Tenis Arena Brașov","sports","high","Mountain City Tennis at Tenis Arena Brașov (Brașov)",,,,,
210,"Muay Thai/Kickboxing Class","sports","high","Benny Fight Academy (Bucharest)",,,,,
2000,"Multi-Sport Badminton at AeroSquash Băneasa","sports","high","Multi-Sport Badminton at AeroSquash Băneasa (București)",,,,,
1991,"National Training at Centrul Național de Tenis","sports","high","National Training at Centrul Național de Tenis (București) | National Training at Centrul Național de Tenis (București)",,,,,
94,"Padel Court Booking (Romexpo Area)","sports","medium","PadelX Romexpo Courts (Bucharest)",,,,,
222,"Park Orienteering Challenge","sports","high","Park Tour Orienteering (Bucharest) (Bucharest)",,,,,
1989,"Parkside Tennis at North Tennis Herăstrău","sports","high","Parkside Tennis at North Tennis Herăstrău (București) | Parkside Tennis at North Tennis Herăstrău (București)",,,,,
1985,"Premium Tennis at Stejarii Country Club","sports","high","Premium Tennis at Stejarii Country Club (București) | Premium Tennis at Stejarii Country Club (București)",,,,,
205,"Rugby Intro Session (Non-contact Basics)","sports","high","RC Grivița (Training Ground) (Bucharest)",,,,,
5,"Skiing in Poiana Brașov","sports","high","SERVE – Ceptura Winery (Ceptura) | R&J Ski School Poiana Brașov (Poiana Brașov) | Interski Romania – Poiana Brașov (Poiana Brașov) | BearWatching.ro (Brasov) (Brașov) | Transylvanian Wolf – Wildlife Tours (Zărnești) | Black Sea Paddlers (Mangalia) | Domeniile Budureasca ( Gura Vadului) | S.E.R.V.E. Ceptura ( Ceptura de Jos) | Paint & Party Studio (Universitate) (Bucharest) | Lacerta Winery – Visits & Tasting (Fînțești) | Budureasca Winery – Visitor Centre (Gura Vadului) | PadelMania Pipera (Bucharest) | Peak Padel Cluj (Florești) (Florești) | Nemo Diving Center (Eforie Nord) (Eforie Nord) | ScubaZone Constanța (Dive Center) (Constanța) | SetSail Sailing School (Constanța Marina) ( Constanța) | Chef's Home Studio (central) (Bucharest) | Telecabina Bușteni (Cable Car) (Bușteni) | NOR Sky Casual Restaurant (Bucharest) | TNT Brothers – Clinceni DZ (Clinceni) | Badminton Armada (Elite Performance Center) (Bucharest) | Cotroceni on Ice (AFI Mall) (Bucharest) | White Tiger Archery (Bucharest) | Observatorul Astronomic Amiral Vasile Urseanu (Bucharest) | VMAX Karting Romexpo (Bucharest) | Vertical Spirit (Baicului) (Bucharest)",,,,,
1997,"Social Badminton at WePlay Brașov","sports","high","Social Badminton at WePlay Brașov (Brașov)",,,,,
2002,"Sports Hall Badminton at Sala STOMART","sports","high","Sports Hall Badminton at Sala STOMART (Iași)",,,,,
80,"Squash Session & Coaching (Central-East)","sports","high","Squash4All (Bucharest) | Squash4All (Bucharest)",,,,,
2004,"Student Club Badminton at Sportul Studențesc","sports","high","Student Club Badminton at Sportul Studențesc (București)",,,,,
203,"Tennis Lesson Or Court (Herăstrău)","sports","high","VIA Tenis (Herăstrău) (Bucharest)",,,,,
212,"Track Session (Iolanda Balaș-Soter)","sports","high","Stadion Iolanda Balaș-Soter (Bucharest)",,,,,
1999,"Training & Play at ACS Pro Badminton","sports","high","Training & Play at ACS Pro Badminton (București)",,,,,
206,"Ultimate Frisbee Pickup Night","sports","high","Revolution Ultimate (Tineretului) (Bucharest) | Romanian Ultimate – Bucharest Pickup (Bucharest)",,,,,
1994,"Urban Tennis at Tenis Club AS","sports","high","Urban Tennis at Tenis Club AS (Timișoara)",,,,,
1988,"Wellness & Tennis at Pescariu Sports","sports","high","Wellness & Tennis at Pescariu Sports (București) | Wellness & Tennis at Pescariu Sports (București)",,,,,
1992,"Western Tennis at Tenis Timișoara","sports","high","Western Tennis at Tenis Timișoara (Moșnița Nouă)",,,,,
27,"Black Sea Coastal Kayaking Coaching","water","medium","JT Watersports Mamaia (Constanța)",,,,,
803,"Black Sea Intro Dive with Marine Explorers","water","high","Marine Explorers Dive Center (Constanța)",,,,,
14,"Black Sea Sea-Kayaking (Mangalia)","water","medium","Black Sea Paddlers (Mangalia)",,,,,
738,"Buzău River Whitewater Rafting (Class III–IV) with Green Adventure","water","high","Green Adventure – Buzău Base (Nehoiu/Buzău)",,,,,
801,"Full-Size Cable Wakeboarding at A2Wake (km 49 A2)","water","high","A2Wake Cable Park (Autostrada Soarelui km 49)",,,,,
319,"Jet Ski Bursts on Lake Siutghiol (JT Watersports Mamaia)","water","high","JT Watersports Mamaia (Constanța)",,,,,
739,"Jiu Gorge Whitewater Rafting (Class III–IV)","water","high","Rafting Jiu – Jiu Gorge Base (Bumbești-Jiu)",,,,,
745,"Kitesurfing Lessons – H2O Kiteboarding Mamaia","water","high","H2O Kiteboarding Mamaia (Mamaia)",,,,,
275,"Scuba Diving — Discover Scuba (DSD)","water","high","Black Sea Diving School (Constanța)",,,,,
234,"Stand-Up Paddle (City Session)","water","high","SUP Academy (City) (Bucharest)",,,,,
235,"Surfing Lesson (Black Sea)","water","high","Fun Surf Constanța (Constanța)",,,,,
276,"Traditional Rowing (Canotcă) Basics","water","high","Rowmania (Ivan Patzaichin) (Tulcea)",,,,,
28,"Wakeboarding Session near Bucharest","water","high","iWake Romania – Wakeboard & Wakesurf Snagov (Snagov)",,,,,
236,"Windsurfing Intro (Mamaia)","water","high","IAKI Arena (Beach Sports) (Mamaia)",,,,,
60,"Ana Aslan Health Spa Day – Eforie Nord","wellness","low","Ana Health Spa – Hotel Europa (Eforie Nord)",,,,,
155,"Ana Spa Daypass at Crowne Plaza","wellness","low","N/A",,,,,
1019,"Aquapark Nymphaea Day Pass","wellness","medium","Aquapark Nymphaea (Oradea)",,,,,
61,"Aqvatonic Med Spa Pass – Eforie Nord","wellness","medium","Aqvatonic Med Spa – Steaua de Mare (Eforie Nord)",,,,,
175,"Aromatherapy & natural perfume workshop","wellness","low","N/A",,,,,
26,"Balvanyos Forest Spa Ritual","wellness","low","Balvanyos Resort – Grand Santerra Spa (Băile Balvanyos)",,,,,
1020,"Ensana Sovata Spa & Saltwater Pools","wellness","low","Ensana Health Spa Sovata (Sovata)",,,,,
150,"Express Beauty Reset (GETT'S Color Bar – malls)","wellness","low","N/A",,,,,
152,"Full-Day Thermal & Sauna at Therme București","wellness","low","N/A",,,,,
1021,"Grand Santerra Spa Forest Thermal Session","wellness","low","Grand Santerra Spa (Km 23)",,,,,
156,"Halotherapy Day at Slănic Prahova Salt Mine","wellness","low","N/A",,,,,
174,"Halotherapy in urban salt rooms","wellness","low","N/A",,,,,
24,"Oradea Thermal Aqua Day (Aquaparks)","wellness","medium","Aquapark Nymphaea Oradea (Oradea)",,,,,
154,"Orchid Thai Spa – Aromatherapy Ritual","wellness","low","N/A",,,,,
136,"Shiseido Spa Rituals at Stejarii Country Club","wellness","low","N/A",,,,,
25,"Sovata Bear Lake & Spa Day","wellness","low","Ensana Sovata Health Spa Hotel (Sovata)",,,,,
153,"Thai Massage & Aromatherapy (THAIco Spa Dorobanți)","wellness","low","N/A",,,,,
1018,"Therme București Full-Day Thermal Spa","wellness","low","Therme București (Balotești)",,,,,
1,"Therme București Wellness Day","wellness","medium","Therme București – Galaxy (București (Balotești)) | Therme București – The Palm & Elysium (București (Balotești))",,,,,
135,"Urban Hammam & Thermal Circuit (Orhideea Spa)","wellness","low","București Mall – Seasonal Ice Rink (Bucharest)",,,,,
196,"Wellness visit: Salina Turda (salt mine)","wellness","low","N/A",,,,,
868,"Avalanche Skills & Freetouring – Bâlea","winter","high","Experience Detour – Avalanche Workshop (Cârțișoara 557075)",,,,,
863,"Azuga Guided Snowmobile Ride","winter","high","Snowmobile Base Azuga (Azuga 105100)",,,,,
748,"Backcountry Snowmobile Tour – Harghita-Mădăraș","winter","high","Adventure Club Harghita – Snowmobile HQ (Mădăraș)",,,,,
864,"Bâlea Ice Climbing Intro","winter","high","Alpine Tours – Ice Clinics (Cârțișoara 557075)",,,,,
859,"Bâlea Ski Mountaineering Clinic (Făgăraș)","winter","high","Alpine Tours – IFMGA Guides (Cârțișoara 557075)",,,,,
870,"Bicaz Gorges Ice Climbing","winter","high","Outdoor The World – Bicaz Ice (Lacu Roșu)",,,,,
866,"Bucegi Ski Touring (Busteni/Sinaia)","winter","high","Iulian Cozma – MountainGuide.ro (Brașov (office))",,,,,
860,"Făgăraș Ski Touring Week (High Alpine)","winter","high","Explore-Share IFMGA Listing – Făgăraș (Cârțișoara 557075)",,,,,
865,"Făgăraș Winter Mountaineering Weekend","winter","high","Zaiko Adventures (Cluj HQ) (Baciu (Cluj))",,,,,
862,"Harghita Husky Dog-Sledding Ride","winter","high","Husky Tours Harghita (Ciumani 537050)",,,,,
869,"Héliski Făgăraș (Freeride Vertical)","winter","high","HeliSki Romania – Făgăraș Program (Sibiu/Sălătrucu)",,,,,
867,"Poiana Brașov Steep Snowshoe Traverse","winter","high","Experience Detour – Backcountry (Brașov)",,,,,
861,"Retezat Backcountry Ski (6-Day)","winter","high","Explore-Share – Retezat Program (Râu de Mori 337380)",,,,,